Timestamp,Casino_ID,Game_ID,Predicted_Players,Cohort,Actual_Players,Absolute_Error,APE_%,Residual,Tree_Uncertainty_Std
2026-07-27 20:29:00,CASINO_103,GAME_10606,4.0,,,,,,
2026-07-27 20:31:24,CASINO_103,GAME_10606,4.0,,,,,,
2026-07-27 20:31:51,CASINO_137,GAME_10606,1.0,,,,,,
2026-07-27 20:34:19,CASINO_137,GAME_10606,1.42,0.0,Unobserved,,,,0.57
2026-07-27 20:34:32,CASINO_137,GAME_10856,13.16,0.0,Unobserved,,,,8.05
2026-07-28 01:05:17,CASINO_432,GAME_10826,6.66,2.0,6,0.66,10.95,-0.66,1.93
2026-07-28 01:17:13,CASINO_212,GAME_10606,1.42,0.0,Unobserved,,,,0.57
2026-07-28 01:17:48,CASINO_119,GAME_10834,1.93,1.0,Unobserved,,,,0.64
2026-07-28 01:18:19,CASINO_216,GAME_10834,2.1,0.0,Unobserved,,,,3.52
